attendance_rate,gpa,credits_earned,discipline_incidents,ela_score,math_score,graduated
0.935,2.76,17,0,250.3,218.9,1
0.868,2.36,1,1,267.8,274.7,1
0.958,2.55,8,0,265.8,276.3,1
0.967,3.18,10,0,221.6,257.1,1
0.822,2.8,23,0,221.3,282.9,1
0.855,3.0,13,0,234.9,273.2,1
0.926,3.2,12,2,228.9,265.0,1
0.904,2.58,3,1,265.1,230.0,1
0.919,3.25,19,0,257.0,288.1,1
0.877,3.03,8,0,272.0,261.8,1
0.964,2.06,2,0,257.9,241.5,1
0.959,3.67,23,1,254.2,235.3,1
0.923,2.5,4,1,274.0,255.6,1
0.976,1.81,0,0,259.4,213.2,1
0.943,2.17,1,0,251.4,265.4,1
0.877,2.19,10,0,279.6,229.0,1
0.938,2.83,2,0,252.3,258.2,1
0.872,2.64,20,2,243.9,238.5,1
0.964,2.6,12,0,233.2,244.2,1
0.918,3.17,7,2,264.1,233.3,1
0.911,3.0,0,1,274.7,246.5,1
0.886,2.99,11,1,249.0,291.6,1
0.981,3.05,3,1,276.2,280.5,1
0.912,3.17,23,1,210.6,257.8,1
0.899,1.54,6,0,248.9,249.4,1
0.902,2.58,11,0,249.2,268.6,1
0.947,1.49,0,0,235.5,274.9,1
0.938,2.82,3,0,297.7,231.7,0
0.941,2.8,4,0,248.7,248.3,1
0.942,3.43,1,0,241.8,209.9,1
1.0,3.51,17,0,250.5,274.7,1
0.9,2.92,22,2,209.9,295.4,1
0.894,2.5,23,0,234.8,251.8,1
0.879,3.09,6,0,269.7,203.2,1
0.951,2.48,18,1,237.4,263.4,1
0.976,2.8,12,0,233.4,230.1,1
0.914,3.39,1,2,276.2,235.4,1
0.878,2.47,2,1,276.8,263.8,1
0.879,3.28,13,1,260.3,255.6,1
0.953,3.21,10,0,240.9,239.3,0
0.957,2.23,0,1,245.2,235.7,1
0.947,3.38,22,1,233.9,252.8,1
0.887,3.22,17,2,230.1,241.0,1
0.932,2.86,12,1,229.1,225.6,1
0.926,2.34,23,0,237.6,242.7,1
0.931,2.28,23,0,229.3,257.5,1
0.964,2.48,23,3,218.7,246.1,1
0.931,3.13,6,1,254.4,218.9,1
0.954,2.23,21,1,254.7,271.8,1
0.923,3.06,12,0,284.0,189.7,1
0.934,2.05,17,0,236.6,240.2,1
0.952,2.68,20,0,255.9,236.4,1
0.847,2.87,3,0,256.3,253.3,1
0.904,4.0,10,0,244.9,262.4,1
0.896,1.97,3,0,264.9,274.8,1
0.888,3.68,6,0,265.5,234.3,1
0.906,2.89,9,1,256.5,262.9,1
0.995,3.05,20,0,244.9,254.3,1
0.877,2.87,20,0,242.8,212.3,1
0.968,3.07,9,0,222.6,291.8,1
0.836,2.71,7,0,233.9,218.3,1
0.903,3.67,12,1,237.6,259.2,1
0.928,2.53,21,1,227.5,258.6,1
0.949,3.48,23,0,258.8,256.1,1
0.956,2.41,5,1,273.9,239.1,1
0.96,2.76,4,2,231.8,268.2,1
0.903,2.16,16,1,255.7,215.7,1
0.897,3.07,7,1,229.3,248.6,1
0.963,3.67,4,1,243.9,237.6,1
0.91,2.75,0,0,236.2,235.1,0
0.856,2.68,9,1,262.0,259.4,1
0.863,2.13,9,0,236.4,273.7,1
0.874,2.66,13,0,270.2,242.4,1
0.945,1.84,4,0,245.1,267.2,1
0.927,2.25,17,1,237.0,251.1,1
0.955,2.94,16,0,224.9,230.4,1
0.899,3.59,11,0,255.1,244.3,1
0.928,4.0,4,0,267.9,243.4,1
0.951,2.45,12,2,255.5,234.7,1
0.905,3.66,16,0,294.8,259.4,1
0.943,2.95,8,0,278.6,255.2,1
0.887,2.71,6,1,243.8,215.0,0
0.902,3.06,12,0,243.6,213.7,1
0.901,2.84,8,0,259.4,259.3,1
0.86,2.87,9,0,233.2,232.1,1
0.944,2.56,8,0,273.3,256.6,1
0.897,1.96,7,0,257.2,267.2,1
0.921,1.87,17,2,255.1,222.0,1
0.944,3.19,11,2,263.7,218.9,1
0.942,2.63,11,0,284.5,286.8,1
0.953,2.44,15,0,253.4,257.7,1
0.915,2.81,8,1,247.7,240.8,1
0.899,3.28,2,1,280.2,229.5,1
0.916,2.91,20,0,269.4,238.8,1
0.836,2.41,1,1,243.6,223.8,1
0.848,3.54,13,3,250.1,269.4,1
0.854,3.75,6,1,253.9,232.9,1
0.87,3.1,5,0,257.2,274.1,1
0.94,3.38,1,1,222.9,241.2,1
0.875,3.55,21,0,219.2,227.0,1
0.901,3.48,10,0,232.3,240.6,1
0.985,3.17,8,1,230.7,192.3,1
0.902,3.16,17,0,237.1,247.3,1
0.957,3.11,0,1,262.7,246.3,0
0.873,2.14,13,0,246.6,268.1,1
0.91,3.22,11,2,253.9,208.5,1
0.872,1.99,13,0,225.5,275.6,1
0.903,2.32,2,0,240.8,268.1,1
0.962,3.58,22,1,261.7,277.5,1
0.834,3.3,5,0,261.9,248.8,1
0.942,3.69,16,1,235.5,272.3,1
0.932,2.64,17,0,253.2,217.6,1
0.89,2.11,8,0,294.0,265.7,1
0.848,2.66,3,1,249.6,233.0,1
0.924,2.86,7,0,236.1,213.7,1
0.894,2.85,19,0,246.5,225.3,1
0.932,3.48,21,1,251.8,250.1,1
0.921,2.58,22,0,247.0,231.9,1
1.0,3.01,5,0,249.4,258.3,1
0.908,2.21,14,1,221.1,210.2,1
0.869,3.07,3,0,230.7,203.2,1
0.929,2.8,17,0,247.0,280.2,1
0.931,2.35,9,0,246.7,269.9,1
0.988,2.66,17,0,238.7,226.9,1
0.962,2.69,16,0,246.5,249.9,1
0.938,2.64,23,0,251.2,272.4,1
0.993,3.86,11,0,267.8,259.2,1
0.861,2.74,8,1,248.0,253.3,1
0.888,2.65,12,0,258.0,274.1,1
0.874,1.54,3,1,239.2,233.9,0
0.901,2.26,2,1,261.4,250.7,1
0.851,2.64,12,1,257.5,249.6,1
0.952,2.39,19,0,267.3,244.0,0
0.909,3.63,12,0,264.3,241.4,1
0.846,2.7,18,0,261.8,251.6,1
0.869,3.57,4,0,248.0,250.8,1
0.936,2.84,10,1,254.9,226.9,1
0.962,2.82,14,0,271.3,267.6,1
1.0,2.75,8,3,237.0,228.5,1
1.0,2.8,0,1,237.4,245.2,1
0.941,3.83,1,1,253.6,243.5,1
0.871,1.41,22,0,258.3,257.9,1
0.813,1.6,14,0,233.5,203.4,0
0.933,2.47,6,0,248.5,269.6,1
0.879,2.81,6,1,248.1,235.1,1
0.899,3.21,0,1,205.7,276.8,1
0.889,3.08,22,1,245.6,239.5,1
0.913,2.57,2,2,246.9,248.9,1
0.973,3.41,18,1,246.8,292.1,1
0.928,3.42,5,1,278.3,243.9,1
0.912,2.91,8,0,225.7,277.3,1
0.868,3.38,6,0,233.5,250.9,1
0.836,2.96,19,0,197.8,259.1,1
0.896,2.46,0,0,240.4,251.5,1
0.917,3.22,8,1,242.1,268.7,1
1.0,2.87,6,0,239.8,234.9,1
0.927,2.8,6,1,272.2,228.4,1
0.969,3.68,4,0,267.2,236.0,1
0.895,1.33,21,1,251.6,252.2,1
0.861,1.95,9,1,242.6,245.1,1
0.872,2.09,10,3,270.5,265.6,1
0.884,2.58,9,1,249.6,278.7,1
1.0,2.65,23,1,233.6,228.5,1
0.879,1.9,8,1,215.7,233.9,0
0.962,2.21,8,0,241.2,218.4,1
0.875,2.28,7,0,265.1,294.7,1
0.967,4.0,7,0,295.5,256.7,1
0.939,3.88,2,0,251.2,260.6,1
0.912,2.55,14,0,234.7,220.5,1
0.918,2.58,0,1,226.3,250.0,1
0.887,2.11,5,0,261.0,261.2,1
0.942,1.66,4,0,214.7,244.4,0
0.897,2.73,6,1,261.0,273.7,1
0.859,2.2,18,0,266.4,300.9,1
0.856,2.75,14,0,258.7,229.2,1
0.929,1.84,23,0,245.6,227.5,1
0.999,2.34,8,0,261.3,230.7,1
0.928,2.89,22,0,253.4,285.3,1
0.914,3.02,1,0,234.4,272.9,1
0.934,3.05,12,1,287.0,247.0,1
0.985,2.01,19,1,243.0,250.8,1
0.931,3.31,12,3,265.5,232.0,1
0.899,2.32,22,0,201.6,269.6,1
0.975,3.18,7,1,275.5,241.6,1
0.941,2.79,0,0,279.4,244.3,1
0.997,1.97,18,0,250.6,263.4,1
0.929,2.61,1,0,261.2,245.9,1
0.859,3.02,18,1,261.2,244.8,1
0.852,3.17,17,1,237.1,250.2,1
1.0,2.72,20,0,260.9,267.5,1
1.0,3.72,11,0,233.8,286.2,1
0.911,3.4,21,0,237.8,262.9,1
0.901,2.65,4,1,272.5,267.7,1
0.993,3.25,10,0,269.5,245.6,1
0.865,3.96,2,0,235.9,234.4,1
0.875,3.98,18,0,235.3,264.4,1
0.952,2.06,17,0,237.1,253.8,1
0.9,2.24,19,0,264.7,218.7,1
0.92,3.69,18,0,230.0,242.8,1
0.912,2.17,7,1,257.1,248.2,1
0.937,2.01,1,0,264.9,238.8,1
0.99,2.51,22,0,248.2,282.6,1
0.925,3.05,11,1,270.2,260.6,1
0.952,2.74,2,2,243.9,280.2,1
0.817,2.41,22,0,245.7,255.8,1
0.918,2.4,23,1,230.5,251.8,1
0.878,2.37,10,0,270.3,229.4,1
0.859,2.27,18,0,234.7,250.3,1
0.876,4.0,0,0,257.0,250.3,1
0.903,2.98,2,0,248.6,219.9,1
0.966,3.33,6,0,228.9,238.1,1
0.854,2.51,15,0,237.8,242.9,1
0.922,2.69,3,0,277.7,259.1,1
0.896,2.37,0,0,254.0,260.1,1
0.904,1.21,16,1,229.8,237.2,1
0.97,1.97,18,1,256.1,260.3,1
0.947,1.71,17,0,247.1,246.0,1
0.987,1.45,19,0,319.1,186.9,1
0.912,2.08,19,0,255.7,239.3,1
0.885,3.59,14,0,242.4,273.7,1
0.909,2.77,12,0,278.4,213.0,0
0.932,3.57,20,0,213.2,252.5,1
0.929,3.05,8,0,251.9,284.9,1
0.866,3.27,2,0,289.9,233.3,1
0.925,2.26,18,0,247.7,250.0,1
0.931,3.11,6,0,215.3,221.3,1
1.0,3.24,23,0,242.1,285.8,1
1.0,2.45,9,0,279.1,248.2,1
0.877,3.14,20,0,257.5,251.0,1
0.906,3.14,1,0,233.2,279.8,1
0.847,2.47,15,0,236.3,264.6,1
0.89,2.13,10,1,238.8,230.7,1
0.936,2.09,11,0,257.2,235.8,0
0.98,2.85,6,0,276.8,260.9,1
0.884,3.0,23,1,271.0,236.3,1
0.887,2.32,9,1,259.1,203.4,1
0.813,2.82,20,0,223.4,248.8,1
0.912,3.14,10,1,223.4,217.4,1
0.867,3.17,1,1,260.7,285.6,1
0.894,3.73,21,0,223.1,253.9,1
0.876,3.57,4,1,245.5,230.1,1
0.915,2.2,6,1,256.1,234.6,1
0.832,3.81,20,2,227.2,208.4,1
0.847,2.48,21,1,229.5,225.8,1
1.0,3.43,22,1,248.1,272.4,1
0.856,2.84,10,0,260.1,299.1,1
0.865,2.55,18,1,271.2,266.0,1
1.0,1.72,7,0,262.1,248.0,1
1.0,2.7,17,0,251.5,240.5,1
0.861,1.86,12,1,235.1,229.0,1
0.902,3.38,1,2,228.6,295.3,1
0.937,3.71,10,0,239.8,245.8,1
1.0,2.32,11,1,258.2,296.5,1
0.871,2.98,6,0,256.7,280.7,1
0.908,2.36,8,1,208.0,211.7,1
0.959,2.42,12,0,234.3,235.3,1
0.942,3.26,1,1,274.1,235.3,1
0.901,2.78,3,0,251.6,248.2,1
0.913,3.84,18,0,221.7,248.7,1
0.851,2.51,8,1,297.1,315.9,1
0.908,3.4,14,0,249.4,226.3,1
0.907,2.86,13,0,257.7,255.0,1
0.932,3.28,13,0,258.0,263.6,1
0.892,2.53,9,0,242.6,250.0,1
0.944,2.77,11,0,235.4,252.4,1
0.971,2.73,19,1,292.4,227.0,1
0.928,2.3,23,1,270.1,252.3,1
0.938,3.2,6,0,266.4,261.3,1
0.923,3.19,16,0,261.5,257.2,1
0.92,3.16,23,0,229.9,262.5,1
0.884,3.72,0,3,275.6,281.1,1
0.936,3.67,18,1,233.1,270.6,1
0.915,2.58,11,1,255.7,251.6,1
1.0,3.02,23,0,217.2,224.2,1
0.999,2.43,13,0,209.2,236.8,1
0.939,2.81,20,0,256.4,245.2,1
0.882,2.44,3,0,233.8,255.6,1
0.864,3.77,3,3,210.2,239.5,1
0.98,3.02,22,0,260.8,229.4,1
0.933,2.67,12,0,292.4,223.9,1
0.944,3.52,13,0,277.8,213.7,1
0.833,1.5,4,0,244.9,244.8,1
0.966,1.59,5,0,250.2,217.7,1
0.943,3.28,19,0,267.8,228.0,1
0.864,2.84,7,0,272.4,241.3,1
0.896,2.95,14,0,243.1,220.6,1
0.933,2.0,7,1,250.7,258.4,1
0.923,2.79,6,1,256.0,266.3,1
0.905,4.0,3,1,261.1,237.9,1
0.915,3.29,22,1,247.3,240.4,1
0.907,2.9,22,1,247.6,261.8,1
0.928,2.54,2,0,277.6,234.3,1
0.994,2.56,8,0,274.2,232.8,1
0.792,1.52,13,0,259.5,276.3,1
0.908,2.95,9,0,284.4,269.5,1
0.929,3.31,17,0,242.3,263.2,1
0.935,1.85,6,0,282.5,270.4,1
0.901,2.4,1,0,260.9,206.5,0
0.832,2.11,8,0,315.4,279.8,1
0.936,2.22,14,1,226.2,258.6,1
1.0,2.83,4,1,236.2,272.2,1
0.843,1.55,19,0,258.4,258.5,1
0.963,3.17,0,0,257.9,251.1,1
0.904,3.25,1,0,289.0,243.9,1
0.917,2.65,12,1,236.6,258.1,1
0.867,1.31,12,1,268.1,243.1,0
0.903,2.2,7,1,273.2,269.1,1
0.985,3.54,6,0,264.1,215.1,1
0.949,1.13,1,1,230.8,238.1,1
1.0,2.59,15,1,278.2,295.0,1
0.979,2.09,9,0,274.6,236.2,1
0.942,3.28,2,0,262.0,244.7,1
1.0,2.39,9,1,254.1,230.6,1
0.942,3.04,22,2,254.5,257.4,1
0.961,3.14,6,0,248.4,233.8,1
0.905,3.9,21,2,262.8,245.9,1
0.923,2.68,6,0,250.6,268.7,1
0.885,3.03,4,0,233.0,234.6,1
0.969,1.91,6,0,229.0,267.3,1
0.861,3.51,7,1,235.0,268.1,1
0.959,2.34,2,0,254.4,273.2,1
0.91,2.46,14,0,249.5,253.1,0
0.979,2.79,8,0,254.3,321.3,1
0.958,1.86,17,0,260.0,273.2,1
1.0,2.94,11,1,237.5,257.1,1
0.957,3.38,10,0,279.3,230.7,1
0.841,2.98,11,1,244.6,247.9,1
0.917,1.85,3,0,241.3,281.4,1
0.861,2.73,17,0,259.6,287.6,1
0.894,3.25,2,2,213.3,282.5,1
0.996,1.67,17,0,234.2,267.3,1
0.952,2.16,23,0,269.6,222.4,1
0.885,3.33,18,1,215.3,260.7,1
0.869,2.96,10,2,272.4,222.7,1
0.922,3.05,7,2,280.2,217.3,1
0.859,3.92,20,1,242.6,255.3,1
0.886,3.08,6,0,255.8,261.5,1
0.936,3.19,11,1,272.4,269.9,1
0.978,4.0,18,1,240.7,260.9,1
0.95,2.67,22,1,267.4,261.7,1
0.805,2.32,22,1,236.6,228.3,1
0.935,3.06,2,0,240.4,247.7,1
0.924,3.06,21,0,234.0,216.8,1
0.941,2.48,2,0,256.9,205.9,1
1.0,2.18,14,0,273.2,266.3,1
0.817,4.0,22,0,246.3,233.4,1
0.89,3.0,15,1,224.6,269.2,1
0.95,2.36,22,0,228.3,274.4,1
0.841,3.35,8,0,257.9,236.4,1
0.994,2.73,7,0,286.9,263.0,1
0.938,2.65,7,1,257.9,235.5,1
0.962,3.14,8,0,242.3,209.4,1
0.891,2.02,16,2,265.3,252.7,1
0.961,3.01,10,2,245.2,239.6,1
0.973,3.95,17,1,242.4,240.3,1
0.932,3.08,9,0,230.8,293.5,1
0.932,2.57,7,0,278.2,216.4,1
0.934,2.5,4,0,199.2,258.4,1
0.877,2.55,13,1,266.0,228.1,1
0.913,2.65,21,1,240.7,270.0,1
0.912,2.57,20,0,241.8,256.6,1
0.939,3.35,6,0,283.8,258.3,1
0.97,1.76,11,0,235.7,229.2,1
0.867,3.32,16,4,236.4,233.2,1
0.914,2.57,14,0,247.4,270.4,1
0.994,3.03,1,0,258.3,289.0,1
0.883,2.12,14,0,241.2,260.6,1
0.879,3.6,0,0,218.5,230.3,1
0.93,3.55,2,0,232.7,257.5,1
0.962,3.38,15,0,275.6,303.4,1
0.921,1.89,2,1,251.5,252.3,1
0.986,3.3,8,2,259.0,282.2,1
0.963,3.04,14,1,244.8,233.7,1
0.962,1.84,15,1,236.8,249.1,1
0.948,2.79,10,1,283.6,263.6,1
1.0,3.02,2,0,246.2,258.7,1
0.91,3.13,19,1,241.1,233.1,1
0.82,2.91,22,0,271.9,232.2,1
1.0,2.97,21,1,235.6,271.7,1
0.897,3.68,17,1,238.1,276.2,1
0.925,3.54,9,0,250.2,283.3,1
0.985,1.08,21,0,250.0,289.7,1
0.84,2.61,11,0,255.2,253.0,1
0.857,2.7,3,0,291.8,243.2,1
0.84,1.75,20,0,256.7,279.7,1
0.88,2.86,7,0,202.4,265.7,1
0.942,3.55,22,0,256.5,228.4,1
0.946,2.15,8,0,250.8,227.3,1
0.934,3.0,20,0,250.9,260.8,1
0.849,2.25,12,2,254.9,246.1,1
0.804,2.4,11,1,249.4,249.4,1
0.923,3.69,7,0,248.9,273.6,1
0.896,2.47,20,1,262.3,266.7,1
0.943,3.08,1,1,239.2,279.3,1
0.955,1.68,11,1,231.0,207.5,1
0.927,3.92,8,0,310.5,255.6,1
0.958,3.16,13,0,235.7,265.3,1
0.931,2.69,6,1,252.0,216.4,1
0.947,3.15,15,1,220.1,235.6,1
0.885,1.95,9,1,252.3,231.5,1
0.911,3.51,4,1,231.3,250.5,1
0.93,2.61,4,0,241.2,285.8,1
0.961,2.68,16,0,270.9,294.5,1
0.9,2.51,6,0,259.4,232.1,1
0.946,2.45,7,0,261.4,261.6,1
0.907,3.22,15,0,214.6,262.3,0
0.914,2.95,7,0,286.7,258.5,1
0.961,3.19,9,0,226.2,258.8,1
0.82,2.79,5,0,280.6,256.7,1
0.855,3.11,8,1,270.4,287.1,1
0.846,2.55,16,2,261.5,274.3,1
0.803,4.0,12,1,232.9,226.7,1
0.886,1.86,23,1,253.0,267.5,1
0.957,3.56,18,0,240.6,269.6,1
0.906,3.62,0,0,250.6,256.9,1
0.93,2.29,9,0,245.0,274.9,1
0.974,4.0,6,2,209.2,254.1,1
0.986,3.4,14,2,272.4,254.4,1
0.917,3.38,6,1,248.4,252.7,1
0.988,2.82,23,0,240.3,205.6,1
0.925,2.67,7,0,238.8,248.2,1
0.878,2.67,12,1,257.2,235.3,1
0.89,3.03,2,0,232.1,223.9,0
0.846,3.64,21,0,204.9,281.5,1
0.876,2.91,21,0,258.1,261.1,1
0.902,2.25,19,0,260.4,249.3,1
0.96,3.29,8,2,246.0,237.6,1
1.0,3.35,1,0,227.0,256.5,1
0.851,3.19,17,0,251.8,271.8,1
0.94,3.25,10,0,220.7,231.8,1
0.868,2.64,23,0,229.5,249.9,1
0.944,2.24,16,1,235.0,269.1,1
0.913,2.28,12,0,266.9,207.4,1
0.828,1.82,23,0,242.7,248.7,1
0.966,2.94,19,0,241.0,240.6,1
0.89,2.75,11,0,289.1,247.1,1
0.893,2.54,0,3,257.0,239.0,0
0.867,1.03,2,1,256.8,253.0,0
0.887,2.05,10,0,242.6,292.3,1
0.941,3.47,13,0,238.1,242.9,1
0.911,2.4,0,0,206.3,256.4,1
0.936,3.02,3,0,269.4,293.9,1
0.938,1.97,16,0,259.0,237.9,1
0.986,3.66,18,0,246.4,289.9,1
0.903,2.71,0,1,247.3,250.1,1
0.846,2.97,12,0,264.7,289.2,1
0.973,4.0,1,0,218.9,266.5,1
0.903,3.71,17,1,238.2,256.8,1
0.976,2.62,20,0,227.3,248.6,1
0.939,2.44,20,0,285.4,236.3,1
0.913,2.6,14,0,267.5,251.7,1
0.937,3.11,15,0,205.9,269.7,1
1.0,2.74,22,2,219.7,249.7,1
1.0,2.56,14,0,247.4,243.0,1
0.923,3.68,10,1,240.6,244.5,1
0.928,2.73,18,0,223.5,271.8,1
0.974,4.0,14,1,288.9,277.0,1
0.878,2.85,20,0,256.3,235.3,1
0.937,3.87,12,0,259.5,235.3,0
0.919,3.01,20,0,236.2,258.3,1
0.936,3.38,1,0,264.4,283.6,1
0.878,2.37,0,0,242.4,275.2,1
0.841,2.29,2,0,244.3,222.5,1
0.816,3.08,13,1,262.2,244.2,1
0.864,3.39,17,0,217.4,229.5,0
0.897,2.82,5,0,281.9,244.1,1
0.905,2.03,3,1,253.6,285.3,1
1.0,1.98,20,1,275.6,218.7,1
0.975,1.94,18,0,228.5,214.4,1
0.872,1.74,15,0,231.5,231.8,1
0.937,2.87,11,0,226.8,256.3,1
0.9,3.48,10,2,255.0,263.7,1
0.906,2.79,0,1,251.3,259.6,1
0.929,1.44,4,0,240.7,275.9,0
0.951,2.69,21,0,229.7,211.2,1
0.903,2.7,8,0,224.7,276.1,1
0.973,4.0,16,1,249.0,243.1,1
0.863,1.93,16,0,240.7,266.1,1
0.92,2.57,7,0,236.3,220.9,1
1.0,3.82,4,0,280.9,250.1,1
0.931,3.07,16,0,248.4,255.2,1
0.992,3.14,2,1,275.4,275.4,1
0.925,2.87,11,0,239.3,215.1,1
0.949,3.0,21,0,254.9,250.7,1
0.917,3.27,17,0,248.9,226.1,1
0.911,2.31,18,0,216.0,261.1,1
0.881,3.33,1,2,278.6,267.1,1
0.942,1.98,4,1,247.3,278.3,1
0.877,3.0,6,1,264.9,238.2,1
0.953,2.91,7,1,235.0,270.4,1
0.974,2.43,4,0,246.7,279.9,1
0.938,2.79,23,0,232.7,213.8,1
0.906,2.43,3,0,274.7,263.5,1
0.943,2.16,16,0,256.2,271.1,1
0.905,2.59,14,1,257.3,244.3,1
0.967,2.14,14,0,277.2,223.4,1
0.828,2.99,5,0,273.1,270.7,1
0.903,2.11,7,0,265.3,223.6,1
0.82,3.23,14,1,221.6,246.1,1
0.845,2.09,7,0,236.1,249.1,1
0.988,2.46,16,0,229.9,265.7,1
0.965,2.43,0,0,264.6,236.2,1
0.884,3.6,1,0,253.4,234.9,1
0.845,3.0,17,1,222.2,252.2,1
0.772,2.67,14,0,246.2,272.1,1
0.893,3.1,1,0,220.1,300.3,1
1.0,1.54,21,2,248.9,216.8,1
0.942,2.77,0,0,216.9,256.9,1
0.892,4.0,22,0,260.6,226.1,1
0.943,2.88,17,1,257.6,272.4,1
0.842,2.84,23,0,288.2,229.4,1
0.905,3.13,22,2,267.0,235.2,1
0.925,3.34,7,0,241.5,237.0,1
0.916,1.6,18,0,266.4,248.3,1
0.96,1.79,5,0,222.0,257.1,1
0.937,2.93,11,0,230.8,260.6,1
0.953,2.37,5,2,256.7,249.9,1
0.886,3.59,11,1,206.8,220.7,1
0.965,2.61,20,0,249.3,266.0,1
1.0,1.64,10,1,229.6,248.8,1
0.871,2.04,2,0,252.0,275.6,0
0.876,1.15,7,0,228.4,234.4,0
0.987,2.66,18,0,258.5,214.7,1
0.91,2.69,12,0,250.4,249.3,1
0.99,2.55,13,1,278.0,278.5,1
0.898,3.45,10,0,250.1,253.5,1
0.993,3.52,7,1,234.6,245.6,1
0.927,2.7,14,1,245.1,230.9,0
0.933,1.52,15,0,223.1,288.7,1
0.998,3.17,21,1,258.1,227.3,1
0.902,3.13,14,0,261.8,234.0,1
0.873,2.99,23,0,299.4,262.5,1
0.898,3.39,19,0,237.6,209.2,1
0.943,2.1,1,0,244.6,278.0,1
0.842,4.0,9,0,238.5,263.7,1
0.952,2.22,9,1,254.2,269.8,1
0.893,3.25,0,0,257.6,262.3,1
0.977,1.79,4,0,248.9,246.5,1
0.8,2.24,18,1,271.7,226.6,1
0.881,3.71,8,0,237.7,246.9,1
0.836,2.64,3,0,269.7,228.5,1
0.879,3.3,6,1,260.8,260.7,1
0.932,2.94,6,0,249.8,267.7,1
0.911,2.74,4,1,243.7,282.5,1
0.907,3.62,2,0,298.5,258.2,1
0.912,2.66,18,0,233.7,270.3,1
0.93,1.73,19,0,256.0,243.5,1
0.87,2.32,11,0,235.0,239.5,0
0.955,3.13,14,0,285.7,260.4,1
0.953,3.04,22,0,267.7,241.5,1
0.939,1.86,20,0,236.4,255.9,1
0.948,2.37,0,0,260.3,226.7,1
0.935,2.45,22,1,255.2,230.6,1
1.0,2.58,1,0,239.7,264.0,1
0.916,1.97,0,0,265.2,269.5,1
0.905,2.42,9,0,257.8,228.3,1
0.882,2.36,17,0,254.3,264.8,1
0.868,3.26,1,0,249.2,238.3,1
0.858,3.29,7,0,258.6,250.4,1
0.876,2.71,6,1,254.6,281.2,1
0.916,2.56,9,0,251.2,267.8,1
0.937,2.88,23,0,237.2,267.5,1
0.923,2.31,7,1,283.9,292.0,1
0.882,2.11,5,1,229.0,234.5,1
0.965,2.24,2,0,258.6,228.3,1
0.957,2.42,4,0,243.6,234.1,1
0.912,2.1,3,0,285.2,244.4,1
0.887,2.9,13,1,231.9,198.2,1
0.947,3.24,10,1,235.3,245.4,1
0.929,1.85,11,2,230.6,238.0,1
0.848,2.82,19,0,256.5,267.2,1
0.917,2.67,13,1,222.5,257.8,1
0.933,3.0,3,1,240.4,236.8,1
0.875,2.79,9,0,207.0,263.0,1
0.929,1.93,7,0,254.8,265.9,1
0.847,2.04,19,2,240.0,233.1,1
0.987,2.82,7,2,220.2,239.2,1
0.982,3.42,3,0,271.7,201.0,1
0.907,1.47,17,1,223.8,226.0,1
0.938,3.01,10,0,265.9,233.7,1
0.8,3.51,2,1,236.0,251.6,1
0.862,2.71,16,3,282.0,229.2,1
0.905,3.13,5,0,265.0,238.7,1
0.866,2.38,20,0,229.8,223.0,1
0.956,2.73,19,0,231.7,253.8,0
1.0,1.83,8,1,262.1,259.4,1
0.861,1.39,13,0,244.8,258.9,1
0.878,3.37,13,0,246.6,250.3,1
0.932,2.21,15,0,275.4,216.1,1
1.0,2.53,1,0,235.0,236.4,1
0.859,1.97,7,1,251.8,241.0,0
0.932,1.95,4,0,269.1,241.1,1
1.0,2.7,16,2,266.2,251.6,1
0.837,2.36,1,1,246.8,281.4,1
0.856,3.03,12,0,244.2,267.9,1
0.899,3.07,17,0,215.2,228.3,1
0.894,2.99,22,0,228.9,264.9,1
0.961,2.94,6,3,256.4,264.1,1
0.932,3.75,0,0,247.2,232.3,1
0.831,2.16,17,1,251.5,268.7,1
0.946,2.77,0,0,270.8,246.5,1
0.891,3.48,1,0,226.3,219.0,1
0.984,3.56,23,0,245.3,260.0,1
0.889,1.95,20,0,253.8,254.8,1
0.888,2.61,16,0,235.9,245.0,1
0.947,3.61,20,0,278.6,249.2,1
0.958,3.1,1,0,268.2,234.2,1
0.942,2.92,2,0,255.8,263.4,1
0.836,2.67,7,0,285.9,249.0,1
0.947,2.57,0,0,220.0,253.7,1
0.868,2.97,21,1,249.8,257.9,1
0.932,2.65,1,1,257.3,224.6,1
0.849,2.77,13,0,231.7,230.3,1
0.942,2.85,20,1,256.0,201.4,1
0.88,2.39,17,0,227.9,262.4,1
0.856,3.12,5,0,263.8,223.3,1
0.956,4.0,11,0,271.2,252.9,1
0.932,1.73,13,4,255.4,258.2,1
0.889,2.99,18,1,212.9,263.3,1
0.993,2.34,10,1,230.7,223.5,0
0.898,3.15,6,0,261.3,248.6,1
0.922,2.83,19,1,250.4,286.7,1
0.933,3.26,21,1,196.1,287.7,1
0.889,3.51,11,0,274.9,271.7,1
0.944,2.92,0,1,252.7,257.4,1
0.893,3.48,12,0,233.6,227.9,1
0.899,1.39,21,0,269.9,265.8,1
0.988,3.75,23,0,236.4,246.5,1
0.868,3.03,9,0,236.2,262.3,1
0.799,3.45,3,0,257.2,236.1,1
1.0,2.07,13,3,285.6,246.2,1
1.0,2.3,19,0,282.5,253.6,1
0.9,2.89,22,1,257.2,255.4,1
0.823,2.79,1,0,259.2,260.9,1
0.904,2.97,6,1,265.8,237.3,1
0.906,3.45,11,1,224.9,220.4,0
0.911,1.74,2,0,262.9,285.7,1
0.864,3.38,21,0,235.3,304.8,1
0.949,2.8,2,0,256.4,259.8,1
0.946,2.68,15,0,245.5,220.9,1
0.845,1.92,22,1,260.0,233.0,1
0.955,3.1,16,0,252.4,261.2,1
1.0,1.35,18,1,188.5,279.5,1
0.929,3.19,6,1,253.6,223.3,1
0.903,1.9,19,1,262.8,247.3,1
0.913,2.83,10,0,258.9,254.3,1
0.951,2.73,1,0,247.9,269.0,1
0.833,3.5,8,1,282.8,242.4,1
0.928,2.69,8,0,256.2,215.6,1
0.9,2.38,12,0,258.8,263.7,1
1.0,2.5,6,1,270.9,274.7,1
0.911,3.56,11,0,257.3,248.2,1
1.0,3.12,10,4,232.0,258.9,1
0.865,2.57,7,1,201.2,239.6,1
0.949,2.66,16,0,240.5,231.4,1
0.936,1.86,7,0,265.2,272.6,1
0.877,3.03,18,1,242.9,258.5,1
0.929,1.74,6,1,266.0,260.8,1
0.981,3.25,20,0,253.0,283.0,1
0.904,2.88,8,0,275.8,226.8,1
0.835,4.0,0,0,244.1,237.9,1
0.919,2.14,3,0,259.4,253.5,1
0.875,2.74,19,0,260.1,237.6,1
0.903,3.88,20,1,280.0,267.2,1
0.916,3.51,5,0,215.9,245.9,1
0.835,2.38,14,0,240.8,228.2,1
0.839,2.93,13,0,267.0,251.4,1
0.944,2.8,3,0,280.9,253.7,1
0.894,2.97,10,1,254.8,270.6,1
0.792,2.38,16,0,244.1,258.6,1
0.959,2.75,23,0,265.1,260.1,1
0.934,1.84,20,0,267.4,257.0,1
0.884,2.88,2,0,242.8,245.9,1
0.854,3.07,5,1,256.6,234.2,1
0.962,2.66,10,1,273.6,256.4,1
0.937,1.83,3,0,287.8,242.7,1
1.0,3.39,13,0,264.9,287.2,1
0.941,3.02,0,0,250.9,279.5,1
0.939,2.36,2,1,248.9,263.9,1
0.912,2.63,1,2,261.1,258.3,1
0.961,1.9,7,0,247.7,248.1,1
0.951,2.18,18,0,253.8,222.3,1
0.983,2.48,4,0,228.8,245.2,1
0.894,3.54,23,1,275.9,252.2,1
0.898,2.42,6,1,227.2,255.0,1
0.896,3.18,1,0,241.4,260.3,1
0.96,2.48,8,1,252.0,270.3,1
0.995,2.95,17,1,289.8,234.8,1
0.897,2.72,2,3,241.5,235.0,1
0.899,3.32,1,1,236.7,281.9,1
0.936,2.48,20,1,239.0,267.0,1
0.908,1.86,14,0,283.2,241.4,1
0.968,1.97,8,0,193.8,247.6,1
0.807,2.48,18,0,229.9,247.7,1
0.879,2.05,20,0,304.6,250.7,1
0.881,3.05,8,1,261.8,260.4,1
0.804,2.52,13,1,227.9,305.8,1
0.872,4.0,0,1,249.2,254.2,1
0.874,1.76,7,0,251.3,264.6,1
0.91,2.92,14,2,266.9,212.9,1
0.976,2.12,4,0,286.8,239.3,1
0.908,2.5,23,0,257.8,277.0,1
0.868,2.88,23,1,239.2,258.9,1
0.917,1.4,6,1,265.7,153.4,1
0.972,2.94,9,1,236.0,264.8,1
0.871,3.94,4,0,229.3,292.2,1
0.874,2.53,12,4,214.8,206.1,0
0.948,2.96,2,0,218.7,283.4,1
0.909,3.41,9,0,232.1,189.0,1
0.952,2.7,13,0,226.4,270.6,1
0.919,2.45,14,0,256.3,249.8,1
0.955,1.43,14,1,226.0,198.3,1
0.868,3.18,5,0,187.1,259.8,1
0.919,2.73,19,0,229.1,275.3,1
0.909,2.19,16,0,240.6,258.0,1
0.859,2.88,18,0,237.9,262.9,1
0.842,2.45,11,1,280.4,240.9,1
0.954,2.48,21,1,237.7,209.0,1
0.902,3.16,9,0,267.6,265.2,1
0.869,2.0,19,1,249.6,288.5,1
0.915,3.43,4,0,249.2,274.9,1
0.976,1.96,5,0,233.3,206.3,1
0.806,2.4,12,1,248.8,216.7,1
0.845,3.95,13,0,234.7,231.4,1
0.874,3.48,17,0,253.4,215.0,1
0.993,2.86,7,1,245.3,251.0,1
0.934,2.24,20,0,231.1,258.7,1
0.958,2.48,7,1,269.8,218.5,1
0.863,2.84,12,1,258.5,267.1,1
0.864,2.82,22,0,241.0,263.2,1
0.942,2.75,12,1,252.9,237.9,1
0.923,2.78,16,0,248.3,246.2,1
0.947,2.67,21,0,232.6,207.1,1
0.911,1.93,23,0,251.4,242.7,1
0.934,2.49,11,1,237.6,250.2,1
0.928,3.35,10,1,231.1,253.7,1
0.959,1.98,4,0,217.5,258.3,1
0.96,2.69,12,0,242.8,255.4,1
0.839,2.31,22,1,261.3,244.2,1
0.808,2.87,11,0,236.1,256.3,1
0.97,2.57,8,1,300.4,272.0,1
0.979,3.69,2,0,267.7,247.9,1
0.869,3.1,9,0,276.1,257.0,1
0.827,2.01,5,1,265.9,245.9,1
0.925,3.2,23,0,287.1,235.8,1
0.967,2.34,12,0,234.3,261.5,1
1.0,2.45,3,0,198.8,237.8,1
0.946,2.99,1,0,241.1,258.5,1
0.901,2.5,20,0,261.2,250.6,1
0.875,3.34,22,0,253.0,243.3,1
0.921,2.34,18,0,255.5,242.8,1
0.905,2.43,2,1,276.4,238.8,1
0.869,2.41,2,0,257.6,213.8,0
1.0,2.46,4,2,266.0,258.4,1
1.0,3.46,18,0,231.2,255.1,1
0.977,3.18,18,0,228.1,268.7,1
0.874,3.83,20,0,282.3,238.3,1
0.963,4.0,2,0,252.0,291.7,1
0.952,2.18,3,0,237.5,241.6,1
0.942,2.84,21,0,237.6,230.7,1
0.982,2.09,22,0,237.0,228.1,1
0.952,2.33,17,1,235.8,211.9,1
0.957,2.42,2,0,224.3,283.7,1
0.952,2.17,1,2,220.0,280.2,1
0.937,2.17,1,0,246.1,263.2,1
0.831,2.71,16,0,238.1,230.3,1
0.924,2.07,20,0,272.1,289.8,1
0.892,3.31,15,1,255.9,242.3,1
0.856,2.25,6,0,255.3,244.1,1
1.0,4.0,18,0,235.1,281.6,1
1.0,2.53,1,0,247.6,264.5,1
0.988,2.84,19,0,257.2,298.4,1
0.933,2.02,21,0,264.3,255.5,1
0.988,3.82,17,1,248.1,241.3,1
0.921,3.47,21,0,271.6,236.5,1
0.93,2.98,14,0,250.2,209.4,1
0.865,1.99,11,0,265.9,243.9,1
0.94,2.93,7,0,240.2,275.2,1
0.923,2.13,22,0,213.7,263.2,1
0.855,3.68,16,1,255.4,250.4,1
0.917,3.29,4,0,264.5,228.1,1
0.916,2.86,22,0,261.5,255.0,1
1.0,1.34,1,0,258.4,272.3,0
0.965,2.21,14,0,243.0,259.5,0
0.921,3.21,4,1,233.9,253.7,1
0.932,3.53,15,0,261.0,232.5,1
0.922,3.47,9,1,258.5,269.1,1
0.91,1.84,10,0,238.8,181.1,1
0.866,2.98,16,0,272.2,258.4,1
0.912,3.41,18,1,232.3,306.5,1
0.883,1.8,9,2,238.3,216.8,1
0.857,2.8,23,3,282.7,244.7,1
0.946,2.96,11,1,267.4,249.8,1
0.94,2.62,3,1,242.8,239.8,1
0.831,1.69,0,1,255.7,272.8,0
0.914,2.6,4,1,253.1,260.4,1
0.97,2.6,16,3,195.1,253.4,1
0.973,2.71,12,1,231.9,267.5,1
0.971,2.46,8,2,249.0,250.4,1
0.922,2.53,11,0,242.9,320.0,1
0.878,2.78,20,0,254.9,253.3,1
0.866,3.07,13,1,272.6,254.3,1
0.937,2.62,1,1,243.6,212.4,1
0.939,2.55,1,0,228.8,238.0,1
0.984,2.86,11,0,256.5,275.2,1
0.975,1.65,9,0,243.5,220.6,1
0.913,3.09,20,1,246.9,202.5,1
0.858,2.8,13,0,244.2,250.7,1
0.904,2.82,18,1,294.8,280.2,1
0.931,3.38,14,1,205.2,250.9,1
0.91,1.63,8,0,242.2,242.6,1
0.891,1.62,15,0,249.9,209.1,1
0.933,2.96,14,0,234.4,259.9,1
0.895,2.8,17,0,268.0,264.5,1
0.889,2.9,4,1,266.3,210.8,1
0.936,2.52,15,0,249.0,275.0,1
0.9,3.2,6,0,244.6,266.8,1
0.932,3.36,18,0,247.8,274.9,1
0.934,3.09,19,1,247.9,262.8,1
0.863,2.64,14,1,248.4,264.4,1
0.896,1.54,22,0,246.2,261.5,1
0.992,3.26,12,0,255.0,269.1,1
0.862,3.53,0,0,265.1,210.0,1
0.814,3.19,14,1,225.4,217.0,1
0.827,2.27,18,0,229.0,233.8,1
0.921,3.2,2,1,215.0,247.1,1
0.922,3.32,2,3,267.3,258.5,1
0.914,3.74,6,1,255.0,257.1,1
0.981,2.27,20,1,260.1,274.6,1
0.786,2.66,12,2,221.4,275.3,1
0.94,3.25,23,2,285.7,230.8,1
0.998,2.83,20,0,237.8,255.2,1
0.864,2.13,13,2,253.4,231.3,0
0.901,3.05,16,0,267.1,245.9,1
0.882,3.15,7,1,230.3,257.1,1
0.875,2.85,2,0,239.1,175.0,1
0.904,2.93,9,0,253.6,303.0,1
0.991,2.64,14,0,307.1,262.5,1
1.0,3.69,4,0,256.0,236.9,1
0.903,2.26,5,1,282.1,292.4,1
1.0,2.45,0,1,274.1,242.4,1
0.922,2.81,17,0,257.4,252.9,0
1.0,3.33,21,0,230.2,239.3,1
0.915,1.9,19,0,271.2,286.3,1
0.927,2.01,9,0,220.0,247.7,1
0.938,1.58,14,0,282.0,253.3,1
1.0,2.82,23,0,254.0,276.5,1
0.963,2.13,14,0,197.0,262.9,1
0.885,2.57,7,1,243.2,248.8,1
0.968,3.2,8,2,263.1,274.4,1
0.902,2.42,17,0,245.3,305.8,1
0.896,2.94,10,0,264.3,257.0,1
0.965,2.62,20,0,233.0,252.6,1
0.922,3.2,20,0,223.9,253.8,1
0.934,3.09,0,0,248.6,278.8,1
0.921,2.38,17,0,250.6,236.8,1
0.937,2.7,8,0,243.0,243.9,1
0.941,3.43,12,1,274.5,216.2,1
0.823,3.04,6,1,233.0,224.0,1
0.953,1.96,8,0,256.3,238.6,1
0.871,3.19,7,0,251.4,248.8,1
0.848,2.15,1,1,218.9,288.9,1
0.917,3.65,18,0,223.6,261.8,1
0.924,3.41,3,0,250.2,229.9,1
0.885,2.97,9,1,289.6,234.0,1
0.962,2.89,4,0,261.6,280.2,1
0.853,2.67,3,1,215.5,274.8,1
0.9,3.21,8,0,187.8,250.6,1
0.891,2.58,22,0,264.7,240.3,1
0.918,2.94,22,0,248.1,274.7,1
0.934,3.32,9,1,272.8,228.1,1
0.87,2.46,12,1,232.4,258.6,1
0.956,2.43,23,1,257.0,300.0,1
0.923,2.08,5,1,266.9,254.5,1
0.825,2.16,22,1,241.1,232.9,1
0.822,1.7,2,1,241.5,259.0,1
0.919,3.24,5,0,250.5,239.7,1
0.909,3.89,8,0,260.9,219.3,1
0.915,3.66,0,0,249.7,265.4,1
0.919,1.82,19,0,269.5,274.6,1
0.931,3.23,20,0,240.8,243.2,1
0.967,3.65,9,0,223.4,241.7,1
0.864,2.53,20,0,289.5,228.8,1
0.861,2.86,18,0,237.9,246.7,1
0.865,1.6,19,1,238.6,237.6,0
0.934,2.96,19,1,248.7,227.8,1
0.982,2.16,13,0,251.3,291.6,1
0.898,2.92,2,0,242.3,260.3,1
0.795,1.86,22,1,249.7,262.6,1
0.835,3.13,14,1,249.2,269.4,1
0.878,3.41,21,0,253.5,267.0,1
0.892,2.33,23,0,202.9,240.9,1
0.9,2.12,4,1,287.6,256.0,1
0.922,1.51,9,0,247.1,244.1,1
0.904,2.64,4,0,261.6,259.6,1
0.972,2.45,1,0,222.4,257.5,1
0.886,1.87,23,0,240.6,241.6,1
0.877,3.07,22,1,236.6,220.8,1
0.944,2.53,22,0,279.4,253.2,1
0.843,2.15,21,1,238.3,245.5,1
0.939,2.47,15,0,265.2,208.4,1
0.925,3.44,12,2,237.0,261.2,1
0.913,3.16,23,0,240.9,271.2,1
0.999,2.72,13,1,245.1,305.6,1
0.889,3.17,15,3,275.7,241.4,1
1.0,2.1,5,0,212.2,238.1,1
0.909,2.82,17,1,223.7,225.6,1
0.856,2.89,19,0,211.1,254.6,1
0.923,2.52,16,1,228.2,254.5,1
0.866,3.06,11,0,233.8,232.2,1
0.882,2.33,4,0,217.7,246.2,1
0.94,3.11,0,0,235.3,206.5,1
0.948,3.13,15,0,209.7,270.4,1
0.889,1.05,16,0,229.6,233.0,0
0.969,3.51,18,1,274.0,249.2,1
0.978,0.97,22,0,258.1,218.6,1
0.992,2.43,11,0,253.7,237.2,1
0.946,3.42,19,1,229.9,243.8,1
0.988,2.61,17,1,219.3,249.8,1
0.826,1.92,6,1,227.2,260.6,1
0.904,2.14,20,0,249.1,281.7,1
0.877,3.42,1,1,267.4,266.1,1
0.926,1.65,14,0,268.0,271.2,1
0.891,3.48,22,0,262.6,281.8,1
0.912,2.77,15,0,235.2,262.5,1
1.0,2.08,22,0,250.5,249.2,1
0.912,2.45,1,1,243.6,272.2,1
0.941,2.19,12,0,246.0,273.6,1
0.908,3.32,18,1,290.7,264.3,1
0.924,3.24,15,1,214.8,218.0,1
0.92,1.77,21,0,245.3,231.5,1
0.942,2.56,11,0,274.2,244.0,1
0.978,2.28,16,1,220.7,267.2,1
1.0,3.58,10,1,237.1,249.5,1
0.935,1.99,20,0,239.4,275.0,1
0.949,3.76,2,0,245.5,278.9,1
0.862,2.78,6,0,218.1,276.4,1
0.916,2.1,2,0,261.9,276.5,1
0.967,2.39,16,0,263.3,227.2,1
0.963,2.32,5,0,260.2,260.6,1
0.931,2.04,7,1,232.6,236.6,1
0.964,2.86,20,0,251.7,213.7,1
0.945,2.06,8,0,232.0,243.7,1
0.98,1.49,3,0,243.3,279.1,1
0.934,2.57,0,0,293.1,260.1,0
0.902,1.72,5,1,251.9,294.4,1
0.937,2.35,21,1,226.2,253.9,1
0.773,2.25,13,0,253.6,303.9,1
0.939,2.28,23,1,223.0,253.9,1
0.738,4.0,5,0,226.0,250.5,1
0.834,2.83,8,3,229.2,221.9,1
0.943,2.95,3,0,241.1,274.4,1
0.944,1.73,9,2,268.7,239.0,1
0.862,2.41,13,0,261.6,235.8,0
0.884,2.93,19,0,260.5,278.2,1
0.989,2.19,8,0,228.0,275.5,1
0.896,3.34,18,1,239.2,274.9,1
1.0,2.08,15,0,255.4,242.0,1
0.92,2.63,7,0,237.4,248.9,1
0.94,2.45,21,0,244.4,248.7,1
1.0,2.9,10,0,258.8,267.2,1
0.927,2.42,3,0,243.0,284.2,1
0.87,2.64,23,0,254.5,258.1,1
0.915,2.66,21,1,281.9,293.4,1
0.918,2.36,1,0,246.6,269.7,1
0.852,3.09,21,0,273.6,244.8,1
0.907,2.94,22,0,261.2,268.2,1
0.883,2.75,19,0,220.7,287.5,1
0.966,2.54,6,0,228.0,294.0,1
0.922,3.28,15,0,233.3,276.1,1
0.906,2.66,12,0,232.9,250.6,1
0.915,2.62,14,1,248.2,245.2,1
0.931,2.86,14,0,262.3,262.7,1
0.951,3.82,15,0,275.1,286.8,1
0.87,2.0,12,0,256.2,259.5,1
0.868,3.26,16,0,241.1,260.0,1
0.975,1.66,12,0,208.4,251.1,1
0.899,2.93,0,0,251.4,242.8,0
0.849,3.75,0,0,250.5,246.4,0
0.942,3.09,22,3,253.7,253.0,1
0.943,2.9,21,0,292.1,287.8,1
0.843,2.46,14,0,274.8,244.7,1
0.931,2.82,4,0,265.7,251.2,1
0.957,2.65,18,0,230.8,231.0,0
0.939,2.33,3,0,239.7,265.8,1
0.952,2.63,9,0,248.1,280.1,1
0.85,2.92,7,0,234.5,285.7,1
0.937,2.34,0,0,260.0,254.5,1
0.905,2.32,19,1,257.1,262.6,1
0.896,1.98,12,1,228.2,246.6,1
0.964,3.03,7,0,273.9,261.6,1
0.994,3.13,12,0,252.0,256.9,1
1.0,2.94,0,0,215.4,251.3,1
0.986,3.38,10,0,249.0,253.0,1
0.915,2.85,12,0,255.6,259.9,1
0.938,3.04,8,1,269.5,243.5,1
0.958,2.98,19,0,243.3,244.7,1
0.926,2.75,5,1,266.6,287.6,1
0.927,2.48,3,0,253.7,309.6,1
0.961,4.0,12,0,223.7,223.5,1
